business,contact_name,email,state,crop,personal_note,source
Arnold Family Farm Store,,arnoldfarmstore@gmail.com,AR,seasonal produce,,a farm on the 2026 Arkansas Farm Trail (Arkansas Farm Bureau)
Barnhill Orchards,,barnhillorchards@aol.com,AR,"strawberries, vegetables, and pecans",,a farm on the 2026 Arkansas Farm Trail (Arkansas Farm Bureau)
Baucum Nut House,,pecans@baucumpecan.com,AR,pecans,,a farm on the 2026 Arkansas Farm Trail (Arkansas Farm Bureau)
Berkeley Farm,,berkeleyfarm@outlook.com,AR,seasonal produce,,a farm on the 2026 Arkansas Farm Trail (Arkansas Farm Bureau)
County Line Beef,Hannah,hannahwalker611@gmail.com,AR,,"For a meat operation like yours, the same approach applies to processed inventory, freezer storage, and cut-level margins.",a farm on the 2026 Arkansas Farm Trail (Arkansas Farm Bureau)
Crabtree Farms Produce,Paula,crabtreepaula1@gmail.com,AR,"sweet corn, cantaloupe, and watermelon",,a farm on the 2026 Arkansas Farm Trail (Arkansas Farm Bureau)
Dogwood Hills,,thefarmex@gmail.com,AR,,"For a farm producing raw milk, beef, and baked goods, the same approach applies to shelf life and inventory across each product line.",a farm on the 2026 Arkansas Farm Trail (Arkansas Farm Bureau)
Flying C Ranch,,flyingcranchar@gmail.com,AR,pecans,,a farm on the 2026 Arkansas Farm Trail (Arkansas Farm Bureau)
Flying Pig Cattle Co.,,sarabeth@flyingpigcattleco.com,AR,,"For a farm producing milk, eggs, and beef, the same approach applies to shelf life and inventory across each product line.",a farm on the 2026 Arkansas Farm Trail (Arkansas Farm Bureau)
Henry Farms,,henryfarms98@gmail.com,AR,"tomatoes, squash, and melons",,a farm on the 2026 Arkansas Farm Trail (Arkansas Farm Bureau)
Holland Bottom Farm,,hollandbottomfarmllc@gmail.com,AR,"strawberries, watermelons, and tomatoes",,a farm on the 2026 Arkansas Farm Trail (Arkansas Farm Bureau)
Homestead Hollow Farm,Elvin,elvin_bradford@yahoo.com,AR,,"For a meat operation like yours, the same approach applies to processed inventory, freezer storage, and cut-level margins.",a farm on the 2026 Arkansas Farm Trail (Arkansas Farm Bureau)
Horton's Produce & More,,khorton650@yahoo.com,AR,strawberries and seasonal produce,,a farm on the 2026 Arkansas Farm Trail (Arkansas Farm Bureau)
Huffman Family Farms,,huffmanfamilyfarmsllc@gmail.com,AR,,"For a meat operation like yours, the same approach applies to processed inventory, freezer storage, and cut-level margins.",a farm on the 2026 Arkansas Farm Trail (Arkansas Farm Bureau)
In the Pines Farm,,inthepinespumpkins@gmail.com,AR,pumpkins and squash,,a farm on the 2026 Arkansas Farm Trail (Arkansas Farm Bureau)
Jacksons Double J Brangus,,jjackson101@gmail.com,AR,,"For a dry-aged beef operation, the same approach applies to aging time, freezer inventory, and cut-level margins.",a farm on the 2026 Arkansas Farm Trail (Arkansas Farm Bureau)
Linam Family Farm,,linamfarm@gmail.com,AR,blackberries,,a farm on the 2026 Arkansas Farm Trail (Arkansas Farm Bureau)
Malvern Hills Vineyards,,jtcookmelanie@gmail.com,AR,muscadines and grapes,,a farm on the 2026 Arkansas Farm Trail (Arkansas Farm Bureau)
Miracle Farms Market,Jack,jack@miraclefarmsmarket.com,AR,,"For a farm raising beef, lamb, pork, and chicken alongside u-pick produce, the same approach applies to inventory and shelf life across every product line.",a farm on the 2026 Arkansas Farm Trail (Arkansas Farm Bureau)
Norton Cattle Company,,rlgnorton@gmail.com,AR,,"For a meat operation like yours, the same approach applies to processed inventory, freezer storage, and cut-level margins.",a farm on the 2026 Arkansas Farm Trail (Arkansas Farm Bureau)
Onion Creek Farms & Produce,Tammie,tammiesutherland15@gmail.com,AR,"strawberries, vegetables, and pumpkins",,a farm on the 2026 Arkansas Farm Trail (Arkansas Farm Bureau)
Peach Pickin' Paradise,,markstevenmorgan@yahoo.com,AR,peaches and nectarines,,a farm on the 2026 Arkansas Farm Trail (Arkansas Farm Bureau)
Peebles Farm,Dallas,dallaspeebles@gmail.com,AR,pumpkins,,a farm on the 2026 Arkansas Farm Trail (Arkansas Farm Bureau)
Rabbit Ridge Farms,,rabbitridgefarms@gmail.com,AR,,"For a meat operation like yours, the same approach applies to processed inventory, freezer storage, and cut-level margins.",a farm on the 2026 Arkansas Farm Trail (Arkansas Farm Bureau)
Renee's Berry Garden,,ford_pat@hotmail.com,AR,blackberries and blueberries,,a farm on the 2026 Arkansas Farm Trail (Arkansas Farm Bureau)
Ridge Raised Farms,,margiesmarketar@gmail.com,AR,,"For a farm raising beef alongside flowers and vegetables, the same approach applies to inventory and shelf life across each product line.",a farm on the 2026 Arkansas Farm Trail (Arkansas Farm Bureau)
Salt Box Farm,,wademarshall@me.com,AR,"produce, strawberries, and blackberries",,a farm on the 2026 Arkansas Farm Trail (Arkansas Farm Bureau)
Sta-N-Step Blueberry Farm,,stanstep1@aol.com,AR,blueberries and blackberries,,a farm on the 2026 Arkansas Farm Trail (Arkansas Farm Bureau)
The Cabot Patch,,lairdhigh@hotmail.com,AR,"berries, melons, and peaches",,a farm on the 2026 Arkansas Farm Trail (Arkansas Farm Bureau)
The Farmhouse Ranch on Persimmon Hill,,thefarmhouseonpersimmonhill@gmail.com,AR,,"For a raw-milk dairy, the same approach applies to shelf life of milk and dairy products from bottling to sale.",a farm on the 2026 Arkansas Farm Trail (Arkansas Farm Bureau)
The Fresh Greens Project,Grant,grant@goodlifefarms.net,AR,"lettuce, leafy greens, and herbs",,a farm on the 2026 Arkansas Farm Trail (Arkansas Farm Bureau)
Triple M Farm,,jamesmeeks3m@yahoo.com,AR,fresh produce,,a farm on the 2026 Arkansas Farm Trail (Arkansas Farm Bureau)
Urbana Farmstead,,urbanafarmstead@gmail.com,AR,seasonal produce,,a farm on the 2026 Arkansas Farm Trail (Arkansas Farm Bureau)
Wade Lucas Farms,,wadelucasfarms@aol.com,AR,"strawberries, sweet corn, and tomatoes",,a farm on the 2026 Arkansas Farm Trail (Arkansas Farm Bureau)
Whitton Farms,,info@whittonfarms.com,AR,"fruit, vegetables, and cut flowers",,a farm on the 2026 Arkansas Farm Trail (Arkansas Farm Bureau)
Wilcox Valley Farm,,wilcoxvalleyfarm@gmail.com,AR,,"For a meat operation like yours, the same approach applies to processed inventory, freezer storage, and cut-level margins.",a farm on the 2026 Arkansas Farm Trail (Arkansas Farm Bureau)
WSBZ Farms,,jojo@wsbzfarms.com,AR,fruits and vegetables,,a farm on the 2026 Arkansas Farm Trail (Arkansas Farm Bureau)
Wye Mountain Farm,,info@wyemountain.net,AR,"blueberries, blackberries, and cut flowers",,a farm on the 2026 Arkansas Farm Trail (Arkansas Farm Bureau)
Your Food Farms,,yourfoodfarms@gmail.com,AR,,"For a diversified farm producing raw milk, eggs, and seasonal produce, the same approach applies to shelf life and inventory across each product line.",a farm on the 2026 Arkansas Farm Trail (Arkansas Farm Bureau)
