timestamp,email,business,state,subject,status,detail,message_id
2026-09-28T20:41:21,arnoldfarmstore@gmail.com,Arnold Family Farm Store,AR,Pilot partner for Arnold Family Farm Store?,sent,,<179062808106.2317.6914964505744885310@hinosinvestments.com>
2026-09-28T20:43:01,barnhillorchards@aol.com,Barnhill Orchards,AR,Barnhill Orchards: early warnings before product is lost,sent,,<179062818071.2317.15690630604958238837@hinosinvestments.com>
2026-09-28T20:45:50,pecans@baucumpecan.com,Baucum Nut House,AR,Baucum Nut House: early warnings before product is lost,sent,,<179062834952.2317.14600070067326200129@hinosinvestments.com>
2026-09-28T20:47:25,berkeleyfarm@outlook.com,Berkeley Farm,AR,Question for the operations team at Berkeley Farm,sent,,<179062844455.2317.13613053434867166857@hinosinvestments.com>
2026-09-28T20:50:25,hannahwalker611@gmail.com,County Line Beef,AR,Pilot partner for County Line Beef?,sent,,<179062862424.2317.17709515280121185582@hinosinvestments.com>
2026-09-28T20:53:41,crabtreepaula1@gmail.com,Crabtree Farms Produce,AR,Catching spoilage earlier at Crabtree Farms Produce,sent,,<179062882010.2317.7594193121605112233@hinosinvestments.com>
2026-09-28T20:56:43,thefarmex@gmail.com,Dogwood Hills,AR,Question for the operations team at Dogwood Hills,sent,,<179062900242.2317.16360928263952463968@hinosinvestments.com>
2026-09-28T20:58:57,flyingcranchar@gmail.com,Flying C Ranch,AR,Catching spoilage earlier at Flying C Ranch,sent,,<179062913706.2317.5198242020813191656@hinosinvestments.com>
2026-09-28T21:00:51,sarabeth@flyingpigcattleco.com,Flying Pig Cattle Co.,AR,Flying Pig Cattle Co.: early warnings before product is lost,sent,,<179062925089.2317.4473512897528559849@hinosinvestments.com>
2026-09-28T21:03:22,henryfarms98@gmail.com,Henry Farms,AR,Catching spoilage earlier at Henry Farms,sent,,<179062940136.2317.7601725580028445253@hinosinvestments.com>
2026-09-29T19:34:47,hollandbottomfarmllc@gmail.com,Holland Bottom Farm,AR,Holland Bottom Farm: early warnings before product is lost,sent,,<179071048658.2327.5474346551318744344@hinosinvestments.com>
2026-09-29T19:37:33,elvin_bradford@yahoo.com,Homestead Hollow Farm,AR,Pilot partner for Homestead Hollow Farm?,sent,,<179071065232.2327.14564441574110794919@hinosinvestments.com>
2026-09-29T19:39:15,khorton650@yahoo.com,Horton's Produce & More,AR,Horton's Produce & More: early warnings before product is lost,sent,,<179071075450.2327.16093301153858483102@hinosinvestments.com>
2026-09-29T19:41:25,huffmanfamilyfarmsllc@gmail.com,Huffman Family Farms,AR,Huffman Family Farms: early warnings before product is lost,sent,,<179071088456.2327.6761290360847811925@hinosinvestments.com>
2026-09-29T19:43:09,inthepinespumpkins@gmail.com,In the Pines Farm,AR,In the Pines Farm: early warnings before product is lost,sent,,<179071098893.2327.15000997159567276644@hinosinvestments.com>
2026-09-29T19:46:55,jjackson101@gmail.com,Jacksons Double J Brangus,AR,Pilot partner for Jacksons Double J Brangus?,sent,,<179071121427.2327.7856034762765080672@hinosinvestments.com>
2026-09-29T19:50:07,linamfarm@gmail.com,Linam Family Farm,AR,Pilot partner for Linam Family Farm?,sent,,<179071140651.2327.18409249243242101678@hinosinvestments.com>
2026-09-29T19:53:16,jtcookmelanie@gmail.com,Malvern Hills Vineyards,AR,Malvern Hills Vineyards: early warnings before product is lost,sent,,<179071159534.2327.14091789592188426648@hinosinvestments.com>
2026-09-29T19:55:28,jack@miraclefarmsmarket.com,Miracle Farms Market,AR,Miracle Farms Market: early warnings before product is lost,sent,,<179071172734.2327.12534107392210166110@hinosinvestments.com>
2026-09-29T19:58:00,rlgnorton@gmail.com,Norton Cattle Company,AR,Question for the operations team at Norton Cattle Company,sent,,<179071187987.2327.703130111486261353@hinosinvestments.com>
